{
  "next-env.d.ts": 1779964280.413054,
  "next.config.ts": 1779963782.9455569,
  "app/layout.tsx": 1779964033.3423018,
  "app/page.tsx": 1779964238.8498867,
  "components/Hero.tsx": 1779964084.6283495,
  "components/Navbar.tsx": 1779964060.6335104,
  "components/Pricing.tsx": 1779964171.0720022,
  "components/Contact.tsx": 1779964206.7235231,
  "components/ScrollReveal.tsx": 1779964042.8461888,
  "components/Footer.tsx": 1779964230.6504352,
  "components/Portfolio.tsx": 1779964136.0115037,
  "components/About.tsx": 1779964113.0568366,
  "AGENTS.md": 1779979994.1229982,
  "Approfondissement_et_Questions_pour_Site-Internet_Doc1.docx.pdf": 1779963028.7331967,
  "public/file.svg": 1779963782.9639044,
  "public/vercel.svg": 1779963782.9642653,
  "public/next.svg": 1779963782.9645526,
  "public/globe.svg": 1779963782.9648654,
  "public/window.svg": 1779963782.965208,
  "public/images/alexis-kodzaga.jpg": 1779972543.3038535
}